<?xml version="1.0" encoding="UTF-8"?>
<addon
  id="audiodecoder.modplug"
  version="1.0.1"
  name="Modplug Audio Decoder"
  provider-name="spiff">
  <requires>
    <import addon="kodi.audiodecoder" version="1.0.0"/>
  </requires>
  <extension
    point="kodi.audiodecoder"
    name="mod"
    extension=".669|.abc|.amf|.ams|.dbm|.dmf|.dsm|.far|.it|.j2b|.mdl|.med|.mod|.itgz|.mt2|.mtm|.okt|.pat|.psm|.ptm|.s3m|.stm|.ult|.umx|.xm|.mdgz|.s3gz|.xmgz"
    library_linux="audiodecoder.modplug.so"
    library_osx="audiodecoder.modplug.dylib"
    library_freebsd="audiodecoder.modplug.so"
    library_windx="audiodecoder.modplug.dll"
    library_android="libaudiodecoder.modplug.so"/>
  <extension point="xbmc.addon.metadata">
    <summary lang="en">Modplug Audio Decoder</summary>
    <description lang="en">Modplug Audio Decoder</description>
    <platform>all</platform>
  </extension>
</addon>
