<?xml version="1.0" encoding="UTF-8"?>
<addon
  id="pvr.pctv"
  version="0.1.11"
  name="PCTV Systems Client"
  provider-name="PCTV Systems">
  <requires>
    <c-pluff version="0.1"/>
    <import addon="xbmc.pvr" version="1.9.6"/>
  </requires>
  <extension
    point="xbmc.pvrclient"
    library_linux="pvr.pctv.so"
    library_osx="pvr.pctv.dylib"
    library_freebsd="pvr.pctv.so"
    library_windx="pvr.pctv.dll"
    library_android="libpvr.pctv.so" />
  <extension point="xbmc.addon.metadata">
    <summary lang="cs_CZ">PVR klient pro připojení PCTV Systems Broadway ke Kodi</summary>
    <summary lang="de_DE">PVR Client um Kodi mit PCTV Systems Broadway zu verbinden</summary>
    <summary lang="en_GB">PVR Client to connect PCTV Systems Broadway to Kodi</summary>
    <summary lang="en_NZ">PVR Client to connect PCTV Systems Broadway to Kodi</summary>
    <summary lang="en_US">PVR Client to connect PCTV Systems Broadway to Kodi</summary>
    <summary lang="fr_CA">Client de numériscope pour connecter Broadway de PCTV Systems à Kodi</summary>
    <summary lang="fr_FR">Client de numériscope pour connecter le Broadway de PCTV Systems à Kodi</summary>
    <summary lang="gl_ES">Cliente PVR para conectar os sistemas de transmisión PCTV ao Kodi</summary>
    <summary lang="hu_HU">PVR Kliens ami összeköti a PCTV System Broadway-t a Kodi-val</summary>
    <summary lang="it_IT">Client PVR per connettere Dispositivi Broadway PCTV a Kodi</summary>
    <summary lang="lt_LT">PVR klientas PCTV Systems Broadway sujungimui su Kodi</summary>
    <summary lang="ms_MY">Klien PVR untuk sambung PCTV Systems Broadway ke Kodi</summary>
    <summary lang="nl_NL">PVR-cliënt verbindt PCTV Systems Broadway met Kodi</summary>
    <summary lang="pl_PL">Klient TV dla systemu PCTV Systems Broadway</summary>
    <summary lang="pt_BR">Cliente de PVR para conectar ao Sistema PCTV Broadway via Kodi</summary>
    <summary lang="pt_PT">Cliente PVR para ligar o Broadway de sistemas PCTV ao Kodi</summary>
    <summary lang="ru_RU">Клиент PVR для подключения PCTV Systems Broadway к Kodi</summary>
    <summary lang="sl_SI">Odjemalec PVR, s katerim se PCTV Systems Broadway poveže s Kodijem</summary>
    <summary lang="szl">Klijynt PVR do kuplowaniŏ PCTV Systems Broadway ze Kodi</summary>
    <summary lang="zh_CN">Kodi 连接 PCTV 系统的 PVR 客户端</summary>
    <description lang="cs_CZ">PCTV Systems frontend. Podporuje streamování TV vysílání &amp; Nahrávek, EPG zobrazení, Časovače.</description>
    <description lang="de_DE">PCTV Systemfrondend. Unterstütz das Streamen von Live TV &amp; Aufnahmen, EPG Ansicht und Timern.</description>
    <description lang="en_GB">PCTV Systems frontend. Supporting streaming of Live TV &amp; Recordings, EPG View, Timers.</description>
    <description lang="en_NZ">PCTV Systems frontend. Supporting streaming of Live TV &amp; Recordings, EPG View, Timers.</description>
    <description lang="en_US">PCTV Systems frontend. Supporting streaming of Live TV &amp; Recordings, EPG View, Timers.</description>
    <description lang="fr_CA">Frontal PCTV Systems. Prenant en charge la diffusion en continu de la télé en direct et des enregistrements, la visualisation du GÉP et des minuteries.</description>
    <description lang="fr_FR">Frontal de PCTV Systems. Prend en charge la diffusion de la télé en direct et des enregistrements, la vue du GÉP et des minuteries.</description>
    <description lang="gl_ES">Interface PCTV; soporta TV en directo, gravacións, Guía de programación e temporizadores.</description>
    <description lang="hu_HU">PCTV System előtér-kiszolgáló. Támogatja a Live TV sztreamelést és felvételkezelést, EPG nézetet, időzítőket.</description>
    <description lang="it_IT">Frontend PCTV Systems. Supporta lo streaming Live TV, le registrazioni, la visualizzazione dell'EPG e i Timers.</description>
    <description lang="lt_LT">PCTV Systems naudotojo sąsaja. Palaiko TV transliacijas ir įrašymą, EPG rodymą, laikmačius.</description>
    <description lang="lv_LV">PCTV sistēmu galasistēma. Atbalsta tiešraides TV straumēšanu &amp; ierakstus, EPG skatu, taimerus.</description>
    <description lang="ms_MY">Bahagian hadapan PCTV Systems. Menyokong penstriman TV Langsung &amp; Rakaman, Paparan EPG, Pemasa.</description>
    <description lang="nl_NL">PCTV Systeem frontend. Ondersteunt het streamen van Live TV &amp; opnames, EPG overzicht, Timers.</description>
    <description lang="pl_PL">Klient systemu PCTV obsługuje strumieniowanie kanałów telewizyjnych, nagrywanie i harmonogram nagrań oraz funkcje przewodnika telewizyjnego.</description>
    <description lang="pt_BR">Frontend para PCTV Systems. Suporta streaming de Tv ao Vivo &amp; Gravações, Visualização de EPG, Agendamentos.</description>
    <description lang="ru_RU">Фронт-энд для PCTV Systems. Поддерживает просмотр телепередач  , записей, просмотр телепрограммы, таймеров.</description>
    <description lang="sl_SI">Vmesnik za PCTV Systems. Podpira pretakanje žive televizije in posnetkov, pogled el. programskega vodnika in časovnike.</description>
    <description lang="szl">Frontend PCTV Systems. Podpiyrŏ strumiyniowaniy TV i nagrań, pokŏzuje EPG i minutniki.</description>
    <description lang="zh_CN">PCTV 系统的前端。支持直播电视播放及录像、电子节目单浏览、定时器。</description>
    <disclaimer lang="bg_BG">Тази програма е нестабилна! Авторите не носят отговорност за неуспешно възпроизвеждане, некоректно време на ЕПС, пропиляното време и други нежелани ефекти.</disclaimer>
    <disclaimer lang="ca_ES">Aquest programari és inestable! Els autors no es fan responsables de reproduccions fallides, horaris incorrectes a l'EPG, hores perdudes o qualsevol altre efecte no desitjat.</disclaimer>
    <disclaimer lang="cs_CZ">Tento software není stabilní. Autoři nejsou žádným způsobem zodpovědní za selhání při nahrávání, neplatné časovače, ztracený čas, či jakékoliv jiné nežádoucí události...</disclaimer>
    <disclaimer lang="cy_GB">Mae hwn yn feddalwedd ansad! Nid yw'r awduron yn gyfrifol mewn unrhyw ffordd am fethu recordio, amseru gwallus, oriau wedi eu gwastraffu nac effeithiau anymunol eraill.</disclaimer>
    <disclaimer lang="da_DK">Dette er ustabil software! Ophavsmændene er på ingen måde ansvarlig for mislykkede afspilninger, forkerte EPG tider, spildte timer, eller andre bivirkninger.</disclaimer>
    <disclaimer lang="de_DE">Dies ist instabile Software! Die Autoren sind in keiner Weise verantwortlich für fehlgeschlagene Wiedergaben, falsche EPG Zeiten, verschwendete Zeit oder unerwünschte Effekte jeglicher Art.</disclaimer>
    <disclaimer lang="el_GR">Ασταθές πρόγραμμα! Οι δημιουργοί δεν είναι σε καμία περίπτωση υπεύθυνοι για αποτυχημένες εγγραφές, λανθασμένους χρονοδιακόπτες, χαμένες ώρες, ή κάθε είδους ανεπιθύμητα αποτελέσματα.</disclaimer>
    <disclaimer lang="en_AU">This is unstable software! The authors are in no way responsible for failed playings, incorrect EPG times, wasted hours, or any other undesirable effects.</disclaimer>
    <disclaimer lang="en_GB">This is unstable software! The authors are in no way responsible for failed playings, incorrect EPG times, wasted hours, or any other undesirable effects.</disclaimer>
    <disclaimer lang="en_NZ">This is unstable software! The authors are in no way responsible for failed playings, incorrect EPG times, wasted hours, or any other undesirable effects.</disclaimer>
    <disclaimer lang="en_US">This is unstable software! The authors are in no way responsible for failed playings, incorrect EPG times, wasted hours, or any other undesirable effects.</disclaimer>
    <disclaimer lang="es_AR">Este es un software inestable. El autor no se hace responsable por reproducciones fallidas, datos de GEP incorrectos, horas perdidas o cualquier otro efecto indeseable.</disclaimer>
    <disclaimer lang="es_ES">Este es un software inestable. El autor no se hace responsable por reproducciones fallidas, datos de EPG incorrectos, horas perdidas o cualquier otro efecto indeseable.</disclaimer>
    <disclaimer lang="fr_CA">Ce logiciel est instable! Les auteurs ne sont aucunement responsables des lectures  défaillantes, d'horaires erronés du GÉP, des heures perdues ou tout autre effet indésirable.</disclaimer>
    <disclaimer lang="fr_FR">Ce logiciel est en cours de développement. Les auteurs ne sont en aucun cas responsables de l'échec des lectures, horaires EPG, temps perdu et autres effets indésirables.</disclaimer>
    <disclaimer lang="gl_ES">Este software non é estábel! Os autores non se fan responsábeis dos erros na reproducción, horarios incorrectos na Guía, horas vencidas, e otros efectos non desexados.</disclaimer>
    <disclaimer lang="he_IL">זוהי איננה הרחבה יציבה! המפתחים אינם אחראים על כשלון בניגון, זמנים שגויים במדריך השידורים, שעות מבוזבזות או כל תופעה לא רצויה אחרת.</disclaimer>
    <disclaimer lang="hr_HR">Ovo je nestabilan softver! Autori nisu ni na koji način odgovorani za neuspjelo snimanje, netočna zakazana snimanja, izgubjene sate, ili bilo koje druge neželjene učinke...</disclaimer>
    <disclaimer lang="hu_HU">Ez nem stabil szoftver! A készítők nem vállalnak felelősséget, a hibás felvételért, rossz időzítésért, elvesztegetett időért...</disclaimer>
    <disclaimer lang="id_ID">Perangkat lunak ini belum stabil. Penulis tidak akan bertanggung-jawa untuk kegagalan penyetelan, waktu EPG yang tidak tepat, Waktu yang terbuang dan efek yang tidak diinginkan lainnya.</disclaimer>
    <disclaimer lang="is_IS">Þetta er óstöðugur hugbúnaður! Höfundarnir eru á engan hátt ábyrgir fyrir misheppnuðum spilunum, röngum upptökutímum, klukkustundum sem að fóru í súginn eða nokkrum öðrum óæskilegum áhrifum.</disclaimer>
    <disclaimer lang="it_IT">Questo software è instabile! Gli autori non sono in alcun modo responsabili per registrazioni fallite, timers incorretti, ore perse, o qualsiasi altro effetto indesiderato.</disclaimer>
    <disclaimer lang="ja_JP">これは不安定なソフトウェアです！本プログラムの作者は、再生の失敗、EPG 時刻のずれ、無駄にした時間、その他あらゆる好ましくない結果について責任を負わないものとします。</disclaimer>
    <disclaimer lang="ko_KR">이 소프트웨어는 불안정합니다! 재생 실패, 정확하지 않은 EPG 시각, 시간 낭비, 의도하지 않은 현상에 대해 제작자는 어떤 책임도 지지 않습니다.</disclaimer>
    <disclaimer lang="lt_LT">Tai yra nestabili programinė įranga! Autoriai nėra atsakingi dėl nepavykusio atkūrimo, klaidingo EPG laiko, prarastų valandų ar kito nepageidaujamo poveikio.</disclaimer>
    <disclaimer lang="lv_LV">Šī ir nestabila programmatūra! Autori nav atbildīgi par neizdevušos atskaņošanu, nepareizu EPG laiku, iztērētām stundām vai jebkādiem citiem nevēlamiem efektiem.</disclaimer>
    <disclaimer lang="mk_MK">Ова е нестабилен софтвер! Авторите во никој случај не се одговорни за неуспешно гледање, неточни времиња во EPG, вашето потрошено време или било кои непосакувани ефекти.</disclaimer>
    <disclaimer lang="ms_MY">Perisian ini tidak stabi! Pengarang tidak bertanggungjawab atas kegagalan memainkan, pemasa EPG yang tidak betul, pembaziran masa atau sebarang kesan tidak diingini.</disclaimer>
    <disclaimer lang="nb_NO">Dette er et ustabilt program! Skaperne er på ingen måte ansvarlig for feil ved avspilling, feil programguide tide, bortkastede timer eller andre uønskede ting.</disclaimer>
    <disclaimer lang="nl_NL">Dit is instabiele software! De makers zijn op geen enkele wijze verantwoordelijk voor foutieve opnames, incorrecte EPG-tijden, verloren uren of welke andere ongewenste bijverschijnselen dan ook.</disclaimer>
    <disclaimer lang="pl_PL">Oprogramowanie nadal jest w fazie rozwoju i jest niestabilne! Autorzy w żaden sposób nie są odpowiedzialni za nieudane nagrania, błędy w harmonogramie nagrań, zmarnowany czas ani jakiekolwiek inne niepożądane efekty.</disclaimer>
    <disclaimer lang="pt_BR">Este é um software instável! Os autores não são responsáveis por falhas nas reproduções, horários incorretos no EPG, horas perdidas ou quaisquer outros efeitos indesejáveis.</disclaimer>
    <disclaimer lang="pt_PT">Este software é instável! Os autores não se responsabilizam por falhas nas reproduções, horários do EPG incorrectos, ou outro qualquer efeito não desejado.</disclaimer>
    <disclaimer lang="ro_RO">Acest software este instabil! Autorii nu sunt responsabili în nici un fel pentru înregistrări eșuate, cronometrări EPG incorecte, ore pierdute sau orice alte efecte nedorite.</disclaimer>
    <disclaimer lang="ru_RU">Это нестабильная программа! Авторы не несут ответственности за неудачные воспроизведение, неверные время EPG, потраченное время и прочие нежелательные эффекты.</disclaimer>
    <disclaimer lang="sk_SK">Toto je nestabilný softvér! Autori nie sú v žiadnom prípade zodpovední za chybné prehrávanie, nesprávne časy EPG, premrhané hodiny alebo akékoľvek iné nežiadúce účinky.</disclaimer>
    <disclaimer lang="sl_SI">To je nestabilna programska oprema! Avtorji niso odgovorni za neuspela predvajanja, nepravilne čase v EPG, zapravljen čas in katerikoli drug neželen učinek.</disclaimer>
    <disclaimer lang="sv_SE">Denna mjukvara är ostabil! Författarna kan inte på något sätt hållas ansvariga för felaktiga uppspelningar, EPG-tider, bortslösade timmar eller andra oönskade effekter.</disclaimer>
    <disclaimer lang="szl">To je niystabilny softwer! Autōry niy sōm ôdpedzialne za niypodarzōne graniy, niynŏleżne godziny EPG, stracōne godziny i inksze niychciane efekty.</disclaimer>
    <disclaimer lang="tr_TR">Bu kararsız bir yazılımdır! Yazanlar oynatma hatası, yanlış EPG zamanları, harcanmış saatler ya da diğer etkilerden sorumlu değiller.</disclaimer>
    <disclaimer lang="zh_CN">这是不稳定版的软件！作者不对录像失败、错误定时造成时间浪费或其它不良影响负责。</disclaimer>
    <platform>all</platform>
  </extension>
</addon>
