<?xml version="1.0" encoding="UTF-8"?>
<addon
  id="audiodecoder.usf"
  version="1.0.0"
  name="USF Audio Decoder"
  provider-name="spiff">
  <requires>
    <import addon="kodi.audiodecoder" version="1.0.0"/>
  </requires>
  <extension
    point="kodi.audiodecoder"
    name="usf"
    extension=".miniusf"
    tags="true"
    library_linux="audiodecoder.usf.so"/>
  <extension point="xbmc.addon.metadata">
    <summary lang="en">USF Audio Decoder</summary>
    <description lang="en">USF Audio Decoder</description>
    <platform>all</platform>
  </extension>
</addon>
